{
  "num_scales": 5,
  "num_tokens": 23,
  "noise_amps": [
    1.0,
    0.009837348014116287,
    0.01222698949277401,
    0.01030934751033783,
    0.01437343843281269
  ],
  "pyramid_shapes": [
    [
      1,
      23,
      3,
      38
    ],
    [
      1,
      23,
      4,
      56
    ],
    [
      1,
      23,
      6,
      84
    ],
    [
      1,
      23,
      9,
      126
    ],
    [
      1,
      23,
      13,
      188
    ]
  ],
  "input_names": [
    "temperature",
    "noise_0",
    "noise_1",
    "noise_2",
    "noise_3",
    "noise_4"
  ],
  "output_name": "token_probs"
}